20251001,11345385_ers
20251001,11345894_ers
20251001,113532146_ers
20251001,113600198_ers
20251001,113622235_ers
20251001,113627247_ers
20251001,113632256_ers
20251001,113634258_ers
20251001,113634259_ers
20251001,113639267_ers
20251001,113654293_ers
20251001,113702311_ers
20251001,113715344_ers
20251001,113719356_ers
20251001,113723368_ers
20251001,113724370_ers
20251001,113731394_ers
20251001,113739416_ers
20251001,113810501_ers
20251001,113811503_ers
20251001,113821536_ers
20251001,113823538_ers
20251001,113828566_ers
20251001,113835588_ers
20251001,113837597_ers
20251001,113843614_ers
20251001,113852635_ers
20251001,113908667_ers
20251001,113912679_ers
20251001,113925715_ers
20251001,113935746_ers
20251001,113948798_ers
20251001,114025876_ers
20251001,114033896_ers
20251001,114051951_ers
20251001,1141091020_ers
20251001,1141131031_ers
20251001,1141151039_ers
20251001,1141271082_ers
20251001,1141411135_ers
20251001,1141591198_ers
20251001,1142101248_ers
20251001,1142201284_ers
20251001,1142231294_ers
20251001,1142271303_ers
20251001,1142361332_ers
20251001,1142371340_ers
20251001,1142581393_ers
20251001,1143001402_ers
20251001,1143071421_ers
20251001,1143101425_ers
20251001,1143391502_ers
20251001,1143461522_ers
20251001,1143521541_ers
20251001,1144071573_ers
20251001,1144091579_ers
20251001,1144241604_ers
20251001,1144291610_ers
20251001,1145181705_ers
20251001,1146051778_ers
20251001,1146081782_ers
20251001,1146291815_ers
20251001,1146581864_ers
20251001,1147061879_ers
20251001,1147111891_ers
20251001,1147121892_ers
20251001,1147221911_ers
20251001,1147231912_ers
20251001,1147301925_ers
20251001,1147411950_ers
20251001,1148132037_ers
20251001,1148152048_ers
20251001,1148272093_ers
20251001,1148392138_ers
20251001,1148592228_ers
20251001,1149002233_ers
20251001,1149092280_ers
20251001,1149102281_ers
20251001,1149122289_ers
20251001,1149122291_ers
20251001,1149332369_ers
20251001,1149342373_ers
20251001,1149382388_ers
20251001,1149592474_ers
20251001,1150002479_ers
20251001,1150082506_ers
20251001,1150142540_ers
20251001,1150182556_ers
20251001,1150342600_ers
20251001,1150372610_ers
20251001,1150442628_ers
20251001,1150482637_ers
20251001,1150592668_ers
20251001,1151062690_ers
20251001,1151142727_ers
20251001,1151252767_ers
20251001,1151252771_ers
20251001,1151362821_ers
20251001,1151412841_ers
20251001,1151412843_ers
20251001,1151472864_ers
20251001,1151522884_ers
20251001,1151542894_ers
20251001,1152082960_ers
20251001,1152122973_ers
20251001,1152203006_ers
20251001,1152213010_ers
20251001,1152293043_ers
20251001,1152303049_ers
20251001,1152313050_ers
20251001,1152343064_ers
20251001,1152473128_ers
20251001,1152513147_ers
20251001,1152513148_ers
20251001,1152593180_ers
20251001,1153013189_ers
20251001,1153063211_ers
20251001,1153163245_ers
20251001,1153163246_ers
20251001,1153293304_ers
20251001,1153373335_ers
20251001,1153443370_ers
20251001,1153503396_ers
20251001,1153523403_ers
20251001,1154063477_ers
20251001,1154123503_ers
20251001,1154123504_ers
20251001,1154253554_ers
20251001,1154403626_ers
20251001,1154443645_ers
20251001,1154453646_ers
20251001,1154493665_ers
20251001,1154513671_ers
20251001,1154523678_ers
20251001,1155073751_ers
20251001,1155123773_ers
20251001,1155163792_ers
20251001,1155173793_ers
20251001,1155213812_ers
20251001,1155233819_ers
20251001,1155233821_ers
20251001,1155293845_ers
20251001,1155303848_ers
20251001,1155353872_ers
20251001,1155443917_ers
20251001,1155543967_ers
20251001,1156003994_ers
20251003,14330816_ers
20251003,14330923_ers
20251003,14331132_ers
20251003,14331345_ers
20251003,14331451_ers
20251003,14332175_ers
20251003,143352130_ers
20251003,143401143_ers
20251003,143410164_ers
20251003,143420183_ers
20251003,143424195_ers
20251003,143501247_ers
20251003,143514263_ers
20251003,143530292_ers
20251003,143544314_ers
20251003,143546317_ers
20251003,143548323_ers
20251003,143550326_ers
20251003,143605360_ers
20251003,143612375_ers
20251003,143619401_ers
20251003,143620403_ers
20251003,143624417_ers
20251003,143625424_ers
20251003,143630433_ers
20251003,143649491_ers
20251003,143654501_ers
20251003,143701513_ers
20251003,143720554_ers
20251003,143738604_ers
20251003,143803653_ers
20251003,143804656_ers
20251003,143820689_ers
20251003,143825696_ers
20251003,143850738_ers
20251003,143901758_ers
20251003,143920801_ers
20251003,143922803_ers
20251003,143940836_ers
20251003,144007892_ers
20251003,144053984_ers
20251003,1441441081_ers
20251003,1441471092_ers
20251003,1442071130_ers
20251003,1442181154_ers
20251003,1443021237_ers
20251003,1443161275_ers
20251003,1443161283_ers
20251003,1443171280_ers
20251003,1443171282_ers
20251003,1443191294_ers
20251003,1443241323_ers
20251003,1443301348_ers
20251003,1444201384_ers
20251003,1444201385_ers
20251003,1444311414_ers
20251003,1444351432_ers
20251003,1444491468_ers
20251003,1444501472_ers
20251003,1444511476_ers
20251003,1444581508_ers
20251003,1445151602_ers
20251003,1445301663_ers
20251003,1445461701_ers
20251003,1445521727_ers
20251003,1445541734_ers
20251003,1445591746_ers
20251003,1446051764_ers
20251003,1446051765_ers
20251003,1446151799_ers
20251003,1446151800_ers
20251003,1446321855_ers
20251003,1446381867_ers
20251003,1446441883_ers
20251003,1446441884_ers
20251003,1446461899_ers
20251003,1446491908_ers
20251003,1446511916_ers
20251003,1447021962_ers
20251003,1447051974_ers
20251003,1447081984_ers
20251003,1447142019_ers
20251003,1447162027_ers
20251003,1447322100_ers
20251003,1447342108_ers
20251003,1448022246_ers
20251003,1448052261_ers
20251003,1448062267_ers
20251003,1448092281_ers
20251003,1448102288_ers
20251003,1448132300_ers
20251003,1448212348_ers
20251003,1448222352_ers
20251003,1448292383_ers
20251003,1448332398_ers
20251003,1448412429_ers
20251003,1448462471_ers
20251003,1448572525_ers
20251003,1448572526_ers
20251003,1449142606_ers
20251003,1449212649_ers
20251003,1449212650_ers
20251003,1449232662_ers
20251003,1449242668_ers
20251003,1449272681_ers
20251003,1449282687_ers
20251003,1449292691_ers
20251003,1449292694_ers
20251003,1449332709_ers
20251003,1449412748_ers
20251003,1449442778_ers
20251003,1449532825_ers
20251003,1449532830_ers
20251003,1449562845_ers
20251003,1450032882_ers
20251003,1450052887_ers
20251003,1450052889_ers
20251003,1450162957_ers
20251003,1450252994_ers
20251003,1450273004_ers
20251003,1450373047_ers
20251003,1450413068_ers
20251003,1450413069_ers
20251003,1450423087_ers
20251003,1450433090_ers
20251003,1450523118_ers
20251003,1451073171_ers
20251003,1451133192_ers
20251003,1451313273_ers
20251003,1451573334_ers
20251003,1452033349_ers
20251003,1452053360_ers
20251003,1452123384_ers
20251003,1452193418_ers
20251003,1452213424_ers
20251003,1452253438_ers
20251003,1452343469_ers
20251003,1452563550_ers
20251003,1452563551_ers
20251003,1452573556_ers
20251003,1453033580_ers
20251003,1453043583_ers
20251003,1453103606_ers
20251003,1453243674_ers
20251003,1453303691_ers
20251003,1453313692_ers
20251003,1453503771_ers
20251003,1453513772_ers
20251003,1453583792_ers
20251003,1454053811_ers
20251003,1454163860_ers
20251003,1454253888_ers
20251003,1454383926_ers
20251003,1454413942_ers
20251003,1454423946_ers
20251024,15033508_ers
20251024,15034025_ers
20251024,15034856_ers
20251024,15034859_ers
20251024,15035378_ers
20251024,15035895_ers
20251024,15035998_ers
20251024,150411145_ers
20251024,150415157_ers
20251024,150416160_ers
20251024,150420180_ers
20251024,150422187_ers
20251024,150424195_ers
20251024,150431225_ers
20251024,150432227_ers
20251024,150449296_ers
20251024,150450300_ers
20251024,150454320_ers
20251024,150457328_ers
20251024,150459335_ers
20251024,150500338_ers
20251024,150506362_ers
20251024,150517406_ers
20251024,150517409_ers
20251024,150522430_ers
20251024,150525441_ers
20251024,150527451_ers
20251024,150532471_ers
20251024,150545520_ers
20251024,150548535_ers
20251024,150552548_ers
20251024,150557573_ers
20251024,150559582_ers
20251024,150614642_ers
20251024,150622672_ers
20251024,150624683_ers
20251024,150627695_ers
20251024,150633719_ers
20251024,150635725_ers
20251024,150645765_ers
20251024,150708851_ers
20251024,150711860_ers
20251024,150715880_ers
20251024,150723904_ers
20251024,150724905_ers
20251024,150736934_ers
20251024,150739948_ers
20251024,150746973_ers
20251024,150746975_ers
20251024,150751997_ers
20251024,1507521001_ers
20251024,1508081047_ers
20251024,1508251082_ers
20251024,1508271090_ers
20251024,1508301100_ers
20251024,1508311106_ers
20251024,1508341117_ers
20251024,1508351121_ers
20251024,1508491168_ers
20251024,1508591201_ers
20251024,1509001206_ers
20251024,1509051225_ers
20251024,1509061229_ers
20251024,1509081237_ers
20251024,1509101242_ers
20251024,1509201276_ers
20251024,1509211278_ers
20251024,1509241289_ers
20251024,1509311319_ers
20251024,1509321323_ers
20251024,1509361339_ers
20251024,1509431363_ers
20251024,1509471375_ers
20251024,1510011427_ers
20251024,1510071449_ers
20251024,1510081452_ers
20251024,1510151481_ers
20251024,1510261524_ers
20251024,1510341557_ers
20251024,1510341558_ers
20251024,1510361563_ers
20251024,1510391572_ers
20251024,1510511614_ers
20251024,1511001644_ers
20251024,1511031654_ers
20251024,1511031655_ers
20251024,1511041659_ers
20251024,1511071670_ers
20251024,1511081673_ers
20251024,1511081675_ers
20251024,1511101681_ers
20251024,1511151698_ers
20251024,1511171707_ers
20251024,1511231726_ers
20251024,1511261739_ers
20251024,1511331762_ers
20251024,1511361773_ers
20251024,1511391783_ers
20251024,1511441804_ers
20251024,1511461808_ers
20251024,1511481813_ers
20251024,1512011857_ers
20251024,1512031867_ers
20251024,1512081884_ers
20251024,1512291959_ers
20251024,1512311965_ers
20251024,1512351981_ers
20251024,1512381987_ers
20251024,1512401994_ers
20251024,1513022065_ers
20251024,1513032067_ers
20251024,1513052074_ers
20251024,1513062077_ers
20251024,1513112095_ers
20251024,1513122098_ers
20251024,1513252138_ers
20251024,1513272143_ers
20251024,1513352171_ers
20251024,1513362172_ers
20251024,1513432197_ers
20251024,1513582245_ers
20251024,1514032257_ers
20251024,1514182296_ers
20251024,1514352341_ers
20251024,1514372343_ers
20251024,1514382346_ers
20251024,1514382347_ers
20251024,1514432360_ers
20251024,1514502376_ers
20251024,1514542385_ers
20251024,1514572393_ers
20251024,1515042411_ers
20251024,1515092424_ers
20251024,1515222460_ers
20251024,1515242463_ers
20251024,1515242465_ers
20251028,14125606_ers
20251028,14125711_ers
20251028,14130125_ers
20251028,14130958_ers
20251028,14131573_ers
20251028,14131881_ers
20251028,14132088_ers
20251028,14132089_ers
20251028,141329131_ers
20251028,141333146_ers
20251028,141334147_ers
20251028,141335154_ers
20251028,141336155_ers
20251028,141337160_ers
20251028,141340176_ers
20251028,141343188_ers
20251028,141343190_ers
20251028,141344194_ers
20251028,141345199_ers
20251028,141346200_ers
20251028,141350221_ers
20251028,141352227_ers
20251028,141358260_ers
20251028,141359263_ers
20251028,141410297_ers
20251028,141412305_ers
20251028,141414310_ers
20251028,141414312_ers
20251028,141424354_ers
20251028,141435410_ers
20251028,141440428_ers
20251028,141447460_ers
20251028,141451477_ers
20251028,141452480_ers
20251028,141454487_ers
20251028,141502531_ers
20251028,141504540_ers
20251028,141505542_ers
20251028,141506547_ers
20251028,141514581_ers
20251028,141529654_ers
20251028,141530651_ers
20251028,141532667_ers
20251028,141536687_ers
20251028,141539698_ers
20251028,141542710_ers
20251028,141548735_ers
20251028,141600787_ers
20251028,141600795_ers
20251028,141601799_ers
20251028,141603810_ers
20251028,141604812_ers
20251028,141606819_ers
20251028,141608828_ers
20251028,141610834_ers
20251028,141612846_ers
20251028,141614851_ers
20251028,141614852_ers
20251028,141620876_ers
20251028,141621881_ers
20251028,141623893_ers
20251028,141624895_ers
20251028,141627906_ers
20251028,141628909_ers
20251028,141629911_ers
20251028,141635934_ers
20251028,141635936_ers
20251028,141637945_ers
20251028,141640954_ers
20251028,141640956_ers
20251028,1416551016_ers
20251028,1417021056_ers
20251028,1417031060_ers
20251028,1417111096_ers
20251028,1417191131_ers
20251028,1417241154_ers
20251028,1417251158_ers
20251028,1417271168_ers
20251028,1417301180_ers
20251028,1417331191_ers
20251028,1417351205_ers
20251028,1417381219_ers
20251028,1417561302_ers
20251028,1418071358_ers
20251028,1418161398_ers
20251028,1418181406_ers
20251028,1418221427_ers
20251028,1418301459_ers
20251028,1418341485_ers
20251028,1418381502_ers
20251028,1418441531_ers
20251028,1418441532_ers
20251028,1418481549_ers
20251028,1418581592_ers
20251028,1418591593_ers
20251028,1419011600_ers
20251028,1419111630_ers
20251028,1419161650_ers
20251028,1419231680_ers
20251028,1419351735_ers
20251028,1419361747_ers
20251028,1419371751_ers
20251028,1419401762_ers
20251028,1419421773_ers
20251028,1419491801_ers
20251028,1419511813_ers
20251028,1419521817_ers
20251028,1419531820_ers
20251028,1419581841_ers
20251028,1420091866_ers
20251028,1420141877_ers
20251028,1420181889_ers
20251028,1420261910_ers
20251028,1420331933_ers
20251028,1420361951_ers
20251028,1420371957_ers
20251028,1420481994_ers
20251028,1420522009_ers
20251028,1420532012_ers
20251028,1421162071_ers
20251028,1421192085_ers
20251028,1421252106_ers
20251028,1421352141_ers
20251028,1421422172_ers
20251028,1421472184_ers
20251028,1421502197_ers
20251028,1422012238_ers
20251028,1422102266_ers
20251028,1422162288_ers
20251028,1422232305_ers
20251028,1422252313_ers
20251028,1422292324_ers
20251028,1422342333_ers
20251028,1422442366_ers
20251028,1423042422_ers
20251028,1423072432_ers
20251028,1423092438_ers
20251028,1423202486_ers
20251028,1423222495_ers
20251029,14270610_ers
20251029,14271242_ers
20251029,14271247_ers
20251029,14271983_ers
20251029,142725123_ers
20251029,142726127_ers
20251029,142731154_ers
20251029,142739201_ers
20251029,142750254_ers
20251029,142753261_ers
20251029,142754267_ers
20251029,142802303_ers
20251029,142806322_ers
20251029,142813350_ers
20251029,142816358_ers
20251029,142821378_ers
20251029,142822386_ers
20251029,142824392_ers
20251029,142825403_ers
20251029,142827412_ers
20251029,142837464_ers
20251029,142837466_ers
20251029,142841488_ers
20251029,142845508_ers
20251029,142849534_ers
20251029,142852551_ers
20251029,142859586_ers
20251029,142906618_ers
20251029,142906622_ers
20251029,142910641_ers
20251029,142911651_ers
20251029,142912655_ers
20251029,142915672_ers
20251029,142915674_ers
20251029,142917681_ers
20251029,142918690_ers
20251029,142919696_ers
20251029,142919698_ers
20251029,142920704_ers
20251029,142929754_ers
20251029,142929755_ers
20251029,142937803_ers
20251029,142949874_ers
20251029,142950880_ers
20251029,142952888_ers
20251029,142952889_ers
20251029,142952893_ers
20251029,142956914_ers
20251029,142958923_ers
20251029,143007980_ers
20251029,143008982_ers
20251029,1430121000_ers
20251029,1430151017_ers
20251029,1430161026_ers
20251029,1430181036_ers
20251029,1430181038_ers
20251029,1430231069_ers
20251029,1430251078_ers
20251029,1430271086_ers
20251029,1430281095_ers
20251029,1430291104_ers
20251029,1430321117_ers
20251029,1430331125_ers
20251029,1430361143_ers
20251029,1430481214_ers
20251029,1430491217_ers
20251029,1431041275_ers
20251029,1431081286_ers
20251029,1431101291_ers
20251029,1431171302_ers
20251029,1431201308_ers
20251029,1431281318_ers
20251029,1431321323_ers
20251029,1431371333_ers
20251029,1431511354_ers
20251029,1431551366_ers
20251029,1431551368_ers
20251029,1431561370_ers
20251029,1432041406_ers
20251029,1432071418_ers
20251029,1432081424_ers
20251029,1432121442_ers
20251029,1432211460_ers
20251029,1432331483_ers
20251029,1432391505_ers
20251029,1432421518_ers
20251029,1432481548_ers
20251029,1432491553_ers
20251029,1432591594_ers
20251029,1433181646_ers
20251029,1433231671_ers
20251029,1433251682_ers
20251029,1433301697_ers
20251029,1433361731_ers
20251029,1433371735_ers
20251029,1433371738_ers
20251029,1433401747_ers
20251029,1433501782_ers
20251029,1433501784_ers
20251029,1433521791_ers
20251029,1434001814_ers
20251029,1434031819_ers
20251029,1434061827_ers
20251029,1434111842_ers
20251029,1434191876_ers
20251029,1434191878_ers
20251029,1434211884_ers
20251029,1434441966_ers
20251029,1434512002_ers
20251029,1434542015_ers
20251029,1434572022_ers
20251029,1435042031_ers
20251029,1435442085_ers
20251029,1435552104_ers
20251029,1436132133_ers
20251029,1436232149_ers
20251029,1436392174_ers
20251029,1437202210_ers
20251029,1438142298_ers
20251029,1438162302_ers
20251029,1438172305_ers
20251029,1439002378_ers
20251029,1439072387_ers
20251029,1439072389_ers
20251029,1439282422_ers
20251029,1439402440_ers
20251029,1439532459_ers
20251030,14415412_ers
20251030,14415724_ers
20251030,14415827_ers
20251030,14420863_ers
20251030,14421272_ers
20251030,14421779_ers
20251030,14421780_ers
20251030,14422190_ers
20251030,144228111_ers
20251030,144231120_ers
20251030,144232123_ers
20251030,144236136_ers
20251030,144247175_ers
20251030,144257202_ers
20251030,144312228_ers
20251030,144325242_ers
20251030,144338259_ers
20251030,144344269_ers
20251030,144353287_ers
20251030,144404309_ers
20251030,144404310_ers
20251030,144417334_ers
20251030,144423340_ers
20251030,144424345_ers
20251030,144428350_ers
20251030,144428351_ers
20251030,144437367_ers
20251030,144442375_ers
20251030,144443378_ers
20251030,144448386_ers
20251030,144449388_ers
20251030,144455403_ers
20251030,144502414_ers
20251030,144559530_ers
20251030,144608546_ers
20251030,144613560_ers
20251030,144616569_ers
20251030,144630597_ers
20251030,144642614_ers
20251030,144647625_ers
20251030,144701650_ers
20251030,144702653_ers
20251030,144703656_ers
20251030,144705659_ers
20251030,144715687_ers
20251030,144718697_ers
20251030,144719704_ers
20251030,144723726_ers
20251030,144727748_ers
20251030,144732772_ers
20251030,144735787_ers
20251030,144737793_ers
20251030,144738794_ers
20251030,144744814_ers
20251030,144748829_ers
20251030,144750836_ers
20251030,144751840_ers
20251030,144801866_ers
20251030,144802868_ers
20251030,144813888_ers
20251030,144816898_ers
20251030,144824928_ers
20251030,144825933_ers
20251030,144830948_ers
20251030,144833959_ers
20251030,144835967_ers
20251030,144837973_ers
20251030,144837975_ers
20251030,144838977_ers
20251030,144843996_ers
20251030,1449021089_ers
20251030,1449021090_ers
20251030,1449081105_ers
20251030,1449081106_ers
20251030,1449111111_ers
20251030,1449151119_ers
20251030,1449291172_ers
20251030,1449291174_ers
20251030,1449381208_ers
20251030,1449391213_ers
20251030,1449481248_ers
20251030,1449511265_ers
20251030,1449511268_ers
20251030,1450011315_ers
20251030,1450061337_ers
20251030,1450221400_ers
20251030,1450261423_ers
20251030,1450271425_ers
20251030,1450351458_ers
20251030,1450451500_ers
20251030,1450461504_ers
20251030,1451051591_ers
20251030,1451061595_ers
20251030,1451071598_ers
20251030,1451081606_ers
20251030,1451111617_ers
20251030,1451141631_ers
20251030,1451171646_ers
20251030,1451201661_ers
20251030,1451231673_ers
20251030,1451231675_ers
20251030,1451251682_ers
20251030,1451281696_ers
20251030,1451431752_ers
20251030,1451471772_ers
20251030,1451481778_ers
20251030,1451531803_ers
20251030,1451561820_ers
20251030,1451571824_ers
20251030,1451581832_ers
20251030,1452051865_ers
20251030,1452061870_ers
20251030,1452071873_ers
20251030,1452121904_ers
20251030,1452181939_ers
20251030,1452201949_ers
20251030,1452281995_ers
20251030,1452292000_ers
20251030,1452312012_ers
20251030,1452312014_ers
20251030,1452362039_ers
20251030,1452362041_ers
20251030,1452382051_ers
20251030,1452402061_ers
20251030,1452462095_ers
20251030,1452532131_ers
20251030,1452582158_ers
20251030,1452592162_ers
20251030,1453112234_ers
20251030,1453212289_ers
20251030,1453232298_ers
20251030,1453272321_ers
20251030,1453282330_ers
20251030,1453332360_ers
20251030,1453352370_ers
20251030,1453482439_ers
20251030,1453512457_ers
20251030,1453522461_ers
20251030,1453522464_ers
20251030,1453542470_ers
20251030,1453542476_ers
20251030,1453582495_ers
20251031,14572310_ers
20251031,14573357_ers
20251031,14574194_ers
20251031,145752147_ers
20251031,145754153_ers
20251031,145802192_ers
20251031,145806215_ers
20251031,145809232_ers
20251031,145815266_ers
20251031,145815268_ers
20251031,145816271_ers
20251031,145826326_ers
20251031,145830340_ers
20251031,145835369_ers
20251031,145840395_ers
20251031,145841401_ers
20251031,145845429_ers
20251031,145847435_ers
20251031,145849447_ers
20251031,145903522_ers
20251031,145905528_ers
20251031,145908533_ers
20251031,145910538_ers
20251031,145924589_ers
20251031,145924590_ers
20251031,145930623_ers
20251031,145937659_ers
20251031,145937661_ers
20251031,145950729_ers
20251031,145951733_ers
20251031,145953742_ers
20251031,145955758_ers
20251031,145956764_ers
20251031,145958772_ers
20251031,145959776_ers
20251031,150002790_ers
20251031,150003798_ers
20251031,150004799_ers
20251031,150010836_ers
20251031,150017873_ers
20251031,150019884_ers
20251031,150023906_ers
20251031,150023908_ers
20251031,150025914_ers
20251031,150025919_ers
20251031,150027925_ers
20251031,150034952_ers
20251031,150034954_ers
20251031,150037964_ers
20251031,150040973_ers
20251031,150044989_ers
20251031,150046996_ers
20251031,1500481006_ers
20251031,1500481010_ers
20251031,1500511025_ers
20251031,1500581057_ers
20251031,1501001068_ers
20251031,1501041083_ers
20251031,1501061094_ers
20251031,1501071098_ers
20251031,1501111123_ers
20251031,1501131133_ers
20251031,1501141134_ers
20251031,1501141135_ers
20251031,1501201161_ers
20251031,1501241173_ers
20251031,1501241175_ers
20251031,1501251180_ers
20251031,1501261189_ers
20251031,1501301198_ers
20251031,1501311207_ers
20251031,1501481246_ers
20251031,1501531264_ers
20251031,1501551276_ers
20251031,1502031302_ers
20251031,1502031305_ers
20251031,1502051312_ers
20251031,1502111327_ers
20251031,1502141335_ers
20251031,1502181342_ers
20251031,1502511435_ers
20251031,1502541438_ers
20251031,1502541439_ers
20251031,1503091463_ers
20251031,1503321494_ers
20251031,1503351500_ers
20251031,1503461519_ers
20251031,1503491524_ers
20251031,1503541531_ers
20251031,1504091554_ers
20251031,1504101557_ers
20251031,1504151562_ers
20251031,1504231574_ers
20251031,1504281584_ers
20251031,1504301587_ers
20251031,1504311589_ers
20251031,1504351596_ers
20251031,1504371599_ers
20251031,1504371600_ers
20251031,1504401606_ers
20251031,1504481619_ers
20251031,1504531628_ers
20251031,1504551632_ers
20251031,1505021646_ers
20251031,1505111660_ers
20251031,1505131663_ers
20251031,1505171670_ers
20251031,1505201675_ers
20251031,1505291690_ers
20251031,1505291691_ers
20251031,1505351704_ers
20251031,1505411715_ers
20251031,1506131779_ers
20251031,1506281808_ers
20251031,1506401842_ers
20251031,1506431851_ers
20251031,1506551877_ers
20251031,1506571881_ers
20251031,1507041905_ers
20251031,1507071915_ers
20251031,1507091922_ers
20251031,1507241976_ers
20251031,1507321998_ers
20251031,1507321999_ers
20251031,1507332001_ers
20251031,1508132089_ers
20251031,1508262128_ers
20251031,1508262130_ers
20251031,1508312143_ers
20251031,1508522166_ers
20251031,1509512212_ers
20251031,1509522214_ers
20251031,1510272306_ers
20251031,1510392346_ers
20251031,1510402348_ers
20251031,1510432358_ers
20251031,1510452364_ers
20251031,1510482375_ers
20251031,1510542397_ers
20251031,1511162455_ers
20251031,1511162457_ers
20251031,1511222474_ers
20251031,1511232477_ers
